epoch,FinRecoModel_1_loss,FinRecoModel_2_loss,FinRecoModel_loss,loss
0,0.5002020001411438,0.5001137852668762,0.5005285143852234,1.5008442401885986
