epoch,loss
0,0.24182263016700745
1,0.24016885459423065
2,0.24286235868930817
3,0.24052147567272186
4,0.24381044507026672
