epoch,loss
0,0.24110998213291168
1,0.24148492515087128
2,0.2444048374891281
3,0.2413652241230011
4,0.2440769076347351
